"","apol","a_acc","a_aro","a_count","a_don","a_heavy","a_hyd","a_IC","a_ICM","a_nC","a_nH","a_nN","balabanJ","BCUT_PEOE_0","BCUT_PEOE_1","BCUT_PEOE_2","BCUT_PEOE_3","BCUT_SLOGP_0","BCUT_SLOGP_1","BCUT_SLOGP_2","BCUT_SLOGP_3","BCUT_SMR_0","BCUT_SMR_1","BCUT_SMR_2","BCUT_SMR_3","bpol","b_1rotN","b_1rotR","b_ar","b_count","b_heavy","b_rotN","b_rotR","b_single","chi0","chi0v","chi0v_C","chi0_C","chi1","chi1v","chi1v_C","chi1_C","density","diameter","GCUT_PEOE_0","GCUT_PEOE_1","GCUT_PEOE_2","GCUT_PEOE_3","GCUT_SLOGP_0","GCUT_SLOGP_1","GCUT_SLOGP_2","GCUT_SLOGP_3","GCUT_SMR_0","GCUT_SMR_1","GCUT_SMR_2","GCUT_SMR_3","Kier1","Kier2","Kier3","KierA1","KierA2","KierA3","KierFlex","lip_acc","lip_don","logP.o.w.","logS","mr","opr_brigid","opr_nrot","PC.","PC..1","PEOE_PC.","PEOE_PC..1","PEOE_RPC.","PEOE_RPC..1","PEOE_VSA.0","PEOE_VSA.1","PEOE_VSA.2","PEOE_VSA.3","PEOE_VSA.0.1","PEOE_VSA.1.1","PEOE_VSA.6.1","PEOE_VSA_FHYD","PEOE_VSA_FNEG","PEOE_VSA_FPNEG","PEOE_VSA_FPOL","PEOE_VSA_FPOS","PEOE_VSA_FPPOS","PEOE_VSA_HYD","PEOE_VSA_NEG","PEOE_VSA_PNEG","PEOE_VSA_POL","PEOE_VSA_POS","PEOE_VSA_PPOS","petitjean","petitjeanSC","Q_PC.","Q_PC..1","Q_RPC.","Q_RPC..1","Q_VSA_FHYD","Q_VSA_FNEG","Q_VSA_FPNEG","Q_VSA_FPOL","Q_VSA_FPOS","Q_VSA_FPPOS","Q_VSA_HYD","Q_VSA_NEG","Q_VSA_PNEG","Q_VSA_POL","Q_VSA_POS","Q_VSA_PPOS","radius","RPC.","RPC..1","SlogP","SlogP_VSA0","SlogP_VSA1","SlogP_VSA2","SlogP_VSA3","SlogP_VSA4","SlogP_VSA5","SlogP_VSA7","SlogP_VSA8","SlogP_VSA9","SMR","SMR_VSA2","SMR_VSA3","SMR_VSA4","SMR_VSA5","SMR_VSA6","SMR_VSA7","TPSA","VAdjEq","VAdjMa","VDistEq","VDistMa","vdw_area","vdw_vol","vsa_don","vsa_hyd","vsa_other","vsa_pol","Weight","weinerPath","weinerPol","zagreb"
"A",12.651551,3,0,13,3,6,2,21.699345,1.6691804,3,7,1,3.077395,-2.4365575,-0.4585886,0.39806366,2.4559216,-2.6998181,-0.42530319,0.35754573,2.3446593,-2.1970615,-0.26878285,0.51811051,2.6859288,7.950449,1,0.2,0,12,5,1,0.2,11,5.1547008,3.5101624,2.0773504,2.1547005,2.6427345,1.6270897,0.86602539,0.91068363,0.79864824,3,-0.81285423,-0.38499001,0.047829054,1.8659327,-1.3633246,-0.40410894,0.054200001,1.7657967,-0.50470239,-0.21706191,0.14228874,2.0762742,6,2.2222223,3,5.03652,1.7873056,2.3101876,1.5003,3,3,-3.05773,0.39504999,2.14255,0,1,2.21,-2.21,0.95368832,-0.95368832,0.28968275,0.34613433,12.796158,7.4113464,17.238026,0,18.747677,0,14.418659,0.51453584,0.42791533,0.25625131,0.48546419,0.57208467,0.22921287,56.193207,46.733257,27.98558,53.018253,62.478203,25.032671,0.33333334,0.5,2.21,-2.21,0.29819006,0.4479638,0.32788888,0.25625131,0.25625131,0.67211115,0.74374866,0.41585982,35.809223,27.98558,27.98558,73.402237,81.225883,45.416656,2,0.29819006,0.4479638,-0.58179998,32.897186,7.7454643,27.844185,25.385227,0,0,0,0,33.326015,2.12852,25.385227,3.9819686,32.897186,0,7.7454643,33.326015,63.32,0.85240519,3.321928,1.5655962,4.7883415,109.21146,111.55599,0,36.108002,14.708499,44.876331,89.094002,29,4,22
"C",15.551551,3,0,14,3,7,2,26.896597,1.9211855,3,7,1,3.1946843,-2.4477098,-0.59691316,0.61818153,2.4818444,-2.7382047,-0.6076138,0.61792028,2.3339465,-2.1829097,-0.39609358,0.75885516,2.7478008,10.230449,2,0.33333334,0,13,6,2,0.33333334,12,5.8618073,4.5589099,1.7844571,1.8618073,3.1807392,2.406671,0.69692343,0.74158162,0.91181993,4,-0.80938035,-0.435985,0.13145196,1.9121749,-1.3634393,-0.44229949,0.15338905,1.8166465,-0.48708573,-0.17484134,0.24199581,2.1717575,7,3.0612245,2.6666667,7.6879997,3.4213877,3.0379999,3.7576611,3,3,-2.9477301,-0.26620001,2.8796167,0,2,2.6199999,-2.6199999,1.0883709,-1.0883709,0.2548202,0.30327618,19.208147,4.2653861,28.165083,0,0,0,14.418659,0.59534186,0.4148117,0.21359801,0.40465814,0.58518833,0.19106014,78.001602,54.348568,27.98558,53.018253,76.671288,25.032671,0.5,1,2.6199999,-2.6199999,0.25152671,0.3778626,0.15705448,0.4148117,0.4148117,0.84294552,0.58518833,0.42813382,20.577255,54.348568,54.348568,110.4426,76.671288,56.094032,2,0.25152671,0.3778626,-0.67189997,32.897186,7.7454643,27.844185,42.61879,0,0,0,46.107109,0,2.9465201,25.385227,3.9819686,32.897186,0,24.979029,46.107109,102.12,0.80309099,3.5849626,1.8841729,5.2511854,131.01985,132.87712,0,24.484108,46.09301,44.876331,121.16,46,6,26
"D",16.015551,5,0,16,5,9,2,28.348516,1.7717823,4,7,1,3.41747,-2.4372513,-0.52180564,0.45624003,2.5308342,-2.7227297,-0.49156711,0.39488018,2.3649681,-2.2158937,-0.3073279,0.59019625,2.7400959,8.9084492,3,0.375,0,15,8,3,0.375,13,7.4391575,4.572731,2.284457,2.4391575,4.036581,2.2392721,1.0504768,1.1498299,0.91362798,5,-0.80905926,-0.49244717,0.10151266,2.0174482,-1.3634818,-0.47453803,0.054200001,1.8729458,-0.4950026,-0.24326198,0.21657223,2.2208726,9,3.9200001,4.5,7.1872501,3.03104,3.3716249,2.4205379,5,4,-3.8057301,0.84450001,2.826721,0,3,3.4300001,-3.4300001,1.5087528,-1.5087528,0.18362185,0.21953154,8.5307722,12.9667,20.383986,0,0,0,22.186199,0.29647055,0.34912682,0.34912682,0.70352948,0.65087318,0.35440266,41.881458,49.320042,49.320042,99.385384,91.9468,50.065342,0.40000001,0.66666669,3.4300001,-3.4300001,0.19212829,0.28862974,0.15217634,0.34912682,0.34912682,0.84782368,0.65087318,0.49869686,21.497471,49.320042,49.320042,119.76937,91.9468,70.449333,3,0.19212829,0.28862974,-1.127,32.897186,15.490929,51.706402,50.770454,0,0,0,18.868406,0,2.7864001,50.770454,3.9819686,32.897186,18.868406,15.490929,0,100.62,0.71696228,4,2.2607846,5.9966536,141.26685,145.6862,0,22.508045,29.416998,72.01017,133.103,96,8,36
"E",19.109137,5,0,19,5,10,3,32.571659,1.7142978,5,9,1,3.3270686,-2.5276494,-0.51661867,0.44800958,2.5791686,-2.7298291,-0.47954121,0.39326218,2.536978,-2.302597,-0.30410931,0.58211863,2.7989013,11.094863,4,0.44444445,0,18,9,4,0.44444445,16,8.1462641,5.2798381,2.9915638,3.1462643,4.536581,2.7392721,1.5504768,1.6498299,0.86488354,6,-0.81171149,-0.47793251,0.089774042,2.1380129,-1.3635063,-0.44385099,0.054200001,2.0707667,-0.51269746,-0.23950385,0.20623049,2.3439405,10,4.7603307,5.5308642,8.1884441,3.8015206,4.3267159,3.112854,5,4,-3.36373,0.64273,3.308836,0,4,3.4300001,-3.4300001,1.5287807,-1.5287807,0.18089668,0.21668693,25.762857,7.4113464,17.238026,0,8.701313,0,22.186199,0.37295863,0.3660678,0.31116956,0.6270414,0.63393217,0.3158718,59.113544,58.021355,49.320042,99.385384,100.47758,50.065342,0.5,1,3.4300001,-3.4300001,0.19212829,0.28862974,0.24435216,0.31116956,0.31116956,0.75564784,0.68883044,0.44447827,38.729557,49.320042,49.320042,119.76937,109.17889,70.449333,3,0.19212829,0.28862974,-0.73689997,32.897186,15.490929,51.706402,50.770454,0,0,0,37.736813,0,3.2481,50.770454,3.9819686,32.897186,37.736813,15.490929,0,100.62,0.68007702,4.1699252,2.5111432,6.2897353,158.49893,170.11539,0,38.31654,29.416998,72.01017,147.12999,136,9,40
"F",25.878723,3,6,23,3,12,8,35.458851,1.5416893,9,11,1,2.2183652,-2.4808357,-0.60547888,0.65829158,2.5038741,-2.7320535,-0.50191927,0.76282507,2.4208169,-2.2287412,-0.46320969,0.8071577,2.7480395,12.323277,3,0.25,6,23,12,3,0.25,16,8.9746914,6.6040206,5.1712084,5.9746914,5.6983771,3.7222247,2.9611604,3.9663265,0.72922832,7,-0.81084716,-0.38727313,0.072513007,2.2382283,-1.3634665,-0.36119434,0.15572067,2.2742469,-0.49901792,-0.21692224,0.18146576,2.502497,10.083333,4.8888888,3.515625,7.4624853,3.5079942,2.4615855,2.1815295,3,3,-1.52273,-1.10711,4.6882882,6,3,3.1040001,-3.1040001,1.2628946,-1.2628946,0.21922772,0.26137531,8.5307722,28.738277,17.238026,0,10.909853,61.274521,14.418659,0.70497835,0.55739868,0.1557266,0.29502165,0.44260129,0.13929506,126.69144,100.16995,27.98558,53.018253,79.539749,25.032671,0.42857143,0.75,3.1040001,-3.1040001,0.21230671,0.31894329,0.59155107,0.50897998,0.1557266,0.40844896,0.49102002,0.25272235,106.30746,91.468643,27.98558,73.402237,88.241058,45.416656,4,0.21230671,0.31894329,0.64096999,32.897186,7.7454643,27.844185,25.385227,3.185575,18.868406,88.215919,0,0,4.5757198,25.385227,7.1675434,32.897186,107.08433,7.7454643,0,63.32,0.65002245,4.5849624,2.6459539,6.8380055,179.7097,226.52986,0,103.75906,14.708499,44.876331,165.192,212,13,54
"G",9.5579653,3,0,10,3,5,1,17.60964,1.760964,2,5,1,2.6693285,-2.2764714,-0.51214796,0.45476073,2.2954617,-2.6323569,-0.48549107,0.39176726,2.0274134,-2.0249918,-0.30386326,0.58196235,2.5273945,5.7640352,1,0.25,0,9,4,1,0.25,8,4.2844572,2.639919,1.2071068,1.2844571,2.2700555,1.1895326,0.35355338,0.40824831,0.86158317,3,-0.81376284,-0.45984453,0.10003087,1.6371068,-1.3631796,-0.47156569,0.054200001,1.448378,-0.48159593,-0.23528522,0.20592061,1.8489126,5,2.25,4,4.0214376,1.6858125,2.67325,1.3558779,3,3,-3.5197301,0.72226,1.6970668,0,1,2.21,-2.21,0.91593093,-0.91593093,0.29845288,0.36063033,0,21.723097,17.238026,0,0,0,14.418659,0.42358541,0.3042593,0.3042593,0.57641459,0.6957407,0.27215528,38.961124,27.98558,27.98558,53.018253,63.993793,25.032671,0.33333334,0.5,2.21,-2.21,0.29819006,0.4479638,0.092746578,0.3042593,0.3042593,0.90725344,0.6957407,0.60299414,8.5307722,27.98558,27.98558,83.448601,63.993793,55.463024,2,0.29819006,0.4479638,-0.97030002,32.897186,7.7454643,23.862217,43.824806,0,0,0,0,0,1.6690201,25.385227,0,32.897186,0,26.185041,0,63.32,0.90438145,3,1.5219281,4.1971598,91.979378,87.126816,0,20.299505,14.708499,44.876331,75.067001,18,2,16
"H",21.465137,5,5,20,5,11,4,35.644573,1.7822287,6,9,3,2.2003703,-2.4628487,-0.62104344,0.66852474,2.512352,-2.7330441,-0.58269632,0.65092093,2.3794496,-2.2237935,-0.47220328,0.78294718,2.7441473,12.116863,3,0.27272728,5,20,11,3,0.27272728,14,8.2675848,5.8191833,3.4391575,3.8533711,5.1983771,3.1552892,1.339152,1.5580782,0.81325674,6,-0.84581047,-0.39469954,0.15349178,2.1663918,-1.3634814,-0.40030649,0.16236696,2.1078436,-0.49885672,-0.23724724,0.24154638,2.4059761,9.090909,4.1326532,2.8444445,6.6297121,2.9070535,1.9367585,1.7520844,5,4,-3.82673,0.13575,3.919008,5,3,3.1070001,-3.1070001,1.5046566,-1.5046566,0.18403669,0.23137259,40.677551,32.913658,21.503412,8.6190128,0,0,14.555551,0.63803613,0.20796534,0.20796534,0.36196387,0.79203469,0.15399854,103.71364,33.805046,33.805046,58.837719,128.74631,25.032671,0.5,1,3.1070001,-3.1070001,0.21210171,0.31863534,0.41923967,0.24833818,0.24833818,0.58076036,0.75166184,0.33242214,68.14798,40.367706,40.367706,94.403381,122.18365,54.035671,3,0.21210171,0.31863534,-0.63593,32.897186,24.530994,44.629715,25.385227,2.7567475,18.868406,33.999886,0,0,3.7902901,42.170757,6.7387161,32.897186,52.868294,7.7454643,0,92,0.68403846,4.4594316,2.4981596,6.5816851,162.55136,190.78477,0,49.507103,39.499016,56.241482,155.157,165,10,50
"I",21.932308,3,0,22,3,9,5,32.492004,1.4769093,6,13,1,3.5997987,-2.6615496,-0.42271298,0.38603604,2.6450982,-2.7752569,-0.3765181,0.35482416,2.6808414,-2.4201357,-0.25787541,0.49977708,2.88345,14.509691,3,0.375,0,21,8,3,0.375,20,7.4391575,5.7946196,4.3618073,4.4391575,4.091423,3.075778,2.3147137,2.3593719,0.70965427,5,-0.81139034,-0.33123919,0.026770057,2.2952054,-1.3636426,-0.28855243,0.054200001,2.3052604,-0.53070587,-0.19535416,0.1138421,2.5072598,9,3.9200001,2.8800001,8.0597343,3.4565301,2.50173,3.0954127,3,3,-1.64373,-0.52371001,3.5428903,0,3,2.21,-2.21,1.1091932,-1.1091932,0.24955328,0.29759493,38.388474,7.4113464,17.238026,0,0,46.196667,14.418659,0.67323667,0.45720175,0.17248137,0.3267633,0.54279828,0.15428194,109.23451,74.182251,27.98558,53.018253,88.070518,25.032671,0.40000001,0.66666669,2.21,-2.21,0.29819006,0.4479638,0.54760563,0.17248137,0.17248137,0.45239437,0.82751864,0.27991301,88.850525,27.98558,27.98558,73.402237,134.26718,45.416656,3,0.29819006,0.4479638,0.44440001,32.897186,7.7454643,27.844185,25.385227,4.4107962,0,0,18.868406,66.652031,3.5066199,29.796022,3.9819686,32.897186,18.868406,7.7454643,66.652031,63.32,0.71696228,4,2.17136,6.0152125,162.25276,184.84352,0,83.533485,14.708499,44.876331,131.175,92,10,36
"K",23.699102,4,0,24,4,10,5,37.226357,1.5510982,6,14,2,3.1423776,-2.6463919,-0.53762436,0.51847982,2.6172996,-2.7516491,-0.49717227,0.50044692,2.6652889,-2.3988593,-0.37065524,0.63537562,2.8591988,14.942898,5,0.55555558,0,23,9,5,0.55555558,22,7.9831276,5.9159398,3.9057775,3.9831276,4.6807394,3.366236,2.1969235,2.2415817,0.73272729,7,-0.841488,-0.39197028,0.081961595,2.2848842,-1.3651519,-0.33987236,0.10742851,2.2864776,-0.52685475,-0.22987375,0.17850201,2.499706,10,5.7600002,5.5308642,9.0641108,5.1582298,4.9042344,4.675477,4,5,-2.98873,0.42559001,3.8527637,0,5,3.2,-3.2,1.3687935,-1.3687935,0.20203115,0.24115928,34.123089,7.4113464,34.476051,0,30.594952,8.701313,21.069778,0.65898561,0.42253172,0.197951,0.34101436,0.57746828,0.14306337,115.30675,73.932968,34.6367,59.669373,101.04316,25.032671,0.42857143,0.75,3.2,-3.2,0.2059375,0.30937499,0.36857837,0.197951,0.197951,0.63142163,0.80204898,0.43347064,64.492416,34.6367,34.6367,110.48371,140.33942,75.847008,4,0.2059375,0.30937499,-0.4727,65.794373,7.7454643,27.844185,43.824806,0,0,0,56.605217,0,3.85166,25.385227,3.9819686,65.794373,56.605217,26.185041,0,89.339996,0.68007702,4.1699252,2.6608009,6.2704711,174.97612,199.51488,0,74.424538,14.708499,62.61882,146.19,143,9,38
"L",21.932308,3,0,22,3,9,5,32.492004,1.4769093,6,13,1,3.3980889,-2.6583848,-0.44942871,0.39523634,2.6315334,-2.7490206,-0.41017315,0.35690883,2.6873739,-2.4150412,-0.2662729,0.51344854,2.8720701,14.509691,3,0.375,0,21,8,3,0.375,20,7.4391575,5.7946196,4.3618073,4.4391575,4.036581,3.0209365,2.2598722,2.3045304,0.70965427,5,-0.81201649,-0.35488379,0.042087916,2.2772281,-1.3634893,-0.29140946,0.054200001,2.2993898,-0.5321179,-0.20538782,0.13395534,2.4893541,9,3.9200001,4.5,8.0597343,3.4565301,3.9089532,3.0954127,3,3,-1.64373,-0.83715999,3.5328205,0,3,2.21,-2.21,1.1090302,-1.1090302,0.24936013,0.29764488,38.388474,7.4113464,17.238026,0,8.701313,37.495354,14.418659,0.67323667,0.45720175,0.17248137,0.3267633,0.54279828,0.15428194,109.23451,74.182251,27.98558,53.018253,88.070518,25.032671,0.40000001,0.66666669,2.21,-2.21,0.29819006,0.4479638,0.54760563,0.17248137,0.17248137,0.45239437,0.82751864,0.27991301,88.850525,27.98558,27.98558,73.402237,134.26718,45.416656,3,0.29819006,0.4479638,0.44440001,32.897186,7.7454643,27.844185,25.385227,4.4107962,0,0,18.868406,66.652031,3.5066199,29.796022,3.9819686,32.897186,18.868406,7.7454643,66.652031,63.32,0.71696228,4,2.2607846,5.9966536,162.25276,184.84352,0,83.533485,14.708499,44.876331,131.175,96,8,36
"M",21.738724,3,0,20,3,9,5,34.775173,1.7387587,5,11,1,3.1746612,-2.5521197,-0.32579055,0.3035143,2.5603545,-2.7380273,-0.23681159,0.38433433,2.5407288,-2.2915654,-0.14572059,0.49472278,2.8285995,14.603277,4,0.5,0,19,8,4,0.5,18,7.276021,6.1491208,3.4915638,3.5689142,4.1807394,4.048758,1.1969234,1.2415817,0.81628144,6,-0.81171721,-0.34283403,0.016112329,2.1277895,-1.363498,-0.25087246,0.1430551,2.1224022,-0.50812888,-0.16312999,0.21261187,2.3848057,9,4.8395061,4.5,9.6657495,5.2480001,4.9251251,5.6362062,3,3,-2.40273,-0.47139001,3.8096907,0,4,2.6700001,-2.6700001,1.1191438,-1.1191438,0.24712235,0.29495493,29.857702,7.4113464,17.238026,0,40.102428,0,14.418659,0.68326205,0.52481914,0.16718951,0.31673798,0.47518083,0.14954846,114.37012,87.848625,27.98558,53.018253,79.539749,25.032671,0.5,1,2.6700001,-2.6700001,0.24681649,0.37078652,0.25583857,0.28524202,0.28524202,0.74416143,0.71475798,0.45891941,42.824402,47.746197,47.746197,124.56397,119.64217,76.817772,3,0.24681649,0.37078652,0.1514,32.897186,7.7454643,27.844185,42.61879,0,31.691174,0,18.868406,32.21954,3.86112,25.385227,3.9819686,32.897186,18.868406,24.979029,63.910713,63.32,0.71696228,4,2.4438426,5.9714723,167.38837,182.79724,0,91.437729,14.708499,44.876331,149.214,102,8,34
"N",16.980345,4,0,17,4,9,2,30.731981,1.8077636,4,8,2,3.41747,-2.4541376,-0.53684878,0.44779116,2.5317843,-2.7481985,-0.52383912,0.38182291,2.3604808,-2.2223964,-0.32670152,0.60342729,2.7521696,9.3416557,3,0.375,0,16,8,3,0.375,14,7.4391575,4.702868,2.284457,2.4391575,4.036581,2.3043404,1.0504768,1.1498299,0.87014651,5,-0.82387125,-0.45731366,0.069614761,2.0453568,-1.3741213,-0.44485795,0.054200001,1.8886942,-0.49509931,-0.23761207,0.20576394,2.2596524,9,3.9200001,4.5,6.7219682,2.8061726,3.090023,2.0958893,5,5,-4.5397301,0.56177998,2.9714472,0,3,3.5799999,-3.5799999,1.5556198,-1.5556198,0.17807782,0.23770566,8.5307722,16.112659,17.238026,17.238026,0,0,21.069778,0.4068639,0.33174026,0.33174026,0.59313613,0.66825974,0.26139584,59.119484,48.203621,48.203621,86.185822,97.101685,37.982204,0.40000001,0.66666669,3.5799999,-3.5799999,0.18407822,0.27653632,0.14794691,0.33174026,0.33174026,0.85205311,0.66825974,0.52031285,21.497471,48.203621,48.203621,123.80784,97.101685,75.604218,3,0.18407822,0.27653632,-1.7263,65.794373,13.004248,51.706402,25.385227,0,0,0,18.868406,0,2.94226,25.385227,3.9819686,65.794373,18.868406,13.004248,0,106.41,0.71696228,4,2.2607846,5.9966536,145.30531,151.83534,17.742489,22.508045,27.65803,76.185745,132.119,96,8,36
"P",17.505136,3,0,17,3,8,4,27.347902,1.6087002,5,9,1,2.2622292,-2.4508932,-0.54905981,0.57302159,2.6900439,-2.6486874,-0.53742796,0.55622721,2.657186,-2.2299449,-0.39722851,0.68523747,2.938709,11.456863,1,0.125,0,17,8,1,0.125,16,5.9831276,4.5541325,3.1986706,3.2760208,3.8045304,2.7668829,1.6969234,1.7415817,0.777215,4,-0.8376925,-0.43233335,0.10402058,2.2212994,-1.1574378,-0.40475351,0.12488654,2.1795208,-0.52468812,-0.23622614,0.18899731,2.4420445,6.125,2.52,1.4876033,5.4008284,2.1768301,1.2620083,1.4695855,3,2,0.057,0.094300002,2.9264534,5,2,2.1199999,-2.1199999,0.96755868,-0.96755868,0.28602663,0.34115985,25.592316,7.4113464,8.6190128,0,30.594952,0,7.9044313,0.60829365,0.43855777,0.18085456,0.39170635,0.5614422,0.21085179,72.217628,52.066303,21.471352,46.504025,66.65535,25.032671,0.5,1,2.1199999,-2.1199999,0.31084907,0.4245283,0.39807674,0.18085456,0.18085456,0.60192323,0.81914544,0.4210687,47.26033,21.471352,21.471352,71.461319,97.250298,49.989971,2,0.31084907,0.4245283,-0.177,18.01075,7.7454643,27.844185,43.824806,0,0,0,37.736813,0,2.86605,43.395977,3.9819686,0,37.736813,26.185041,0,49.330002,0.8112781,4,1.9241743,5.6553364,118.72165,148.13405,0,58.616047,14.708499,32.816418,115.132,62,6,36
"Q",20.073931,4,0,20,4,10,3,34.854752,1.7427377,5,10,2,3.3270686,-2.5369201,-0.53606981,0.44276816,2.5793376,-2.7408457,-0.51583397,0.38104576,2.534606,-2.3058705,-0.32593262,0.59945935,2.8058221,11.52807,4,0.44444445,0,19,9,4,0.44444445,17,8.1462641,5.4099746,2.9915638,3.1462643,4.536581,2.8043404,1.5504768,1.6498299,0.82912886,6,-0.82341069,-0.44670752,0.061530899,2.1599622,-1.370522,-0.41160884,0.054200001,2.0829945,-0.51285249,-0.23488958,0.19631365,2.3737621,10,4.7603307,5.5308642,7.7182059,3.5554211,4.0204959,2.7441473,5,5,-4.0977302,0.36001,3.4519963,0,4,3.5799999,-3.5799999,1.5761793,-1.5761793,0.17545664,0.234639,25.762857,7.4113464,17.238026,17.238026,8.701313,0,21.069778,0.46974772,0.35010365,0.29656944,0.53025228,0.64989632,0.23368286,76.35157,56.904934,48.203621,86.185822,105.63246,37.982204,0.5,1,3.5799999,-3.5799999,0.18407822,0.27653632,0.23828091,0.29656944,0.29656944,0.76171911,0.70343059,0.46514967,38.729557,48.203621,48.203621,123.80784,114.33377,75.604218,3,0.18407822,0.27653632,-1.3362,65.794373,13.004248,51.706402,25.385227,0,0,0,37.736813,0,3.40396,25.385227,3.9819686,65.794373,37.736813,13.004248,0,106.41,0.68007702,4.1699252,2.5111432,6.2897353,162.5374,176.26453,17.742489,38.31654,27.65803,76.185745,146.146,136,9,40
"R",25.899101,4,0,26,5,12,4,43.398689,1.6691804,6,14,4,3.2108932,-2.586802,-0.43723127,0.42067841,2.5941012,-2.7398744,-0.40268391,0.42756662,2.5939944,-2.3509881,-0.23004039,0.58855891,2.825943,15.602898,5,0.45454547,0,25,11,5,0.45454547,23,9.5604782,6.733397,3.6986706,3.8533711,5.536581,3.5751724,1.6969234,1.7415817,0.7789548,8,-0.84208477,-0.39402041,0.044055305,2.2565985,-1.3840623,-0.4053196,0.070911676,2.2208071,-0.52138358,-0.18862857,0.1874802,2.4822121,12,6.5088758,7.4380164,9.2505112,4.8861599,5.4677176,3.766623,6,7,-3.5387299,-0.00182,4.3359532,1,5,4.6059999,-4.6059999,1.9639467,-1.9639467,0.14080817,0.18846065,30.253868,15.942119,17.238026,50.157627,17.402626,0,27.720898,0.64530045,0.31711265,0.23138429,0.35469958,0.68288738,0.12331527,130.99426,64.373024,46.970394,72.003067,138.62431,25.032671,0.5,1,4.6059999,-4.6059999,0.14307424,0.21493703,0.23281255,0.23138429,0.23138429,0.76718742,0.76861572,0.53580314,47.26033,46.970394,46.970394,155.737,156.02693,108.76661,4,0.14307424,0.21493703,-1.5481,98.691559,9.644557,27.844185,43.824806,0,16.78553,0,37.736813,0,4.5521998,25.385227,3.9819686,98.691559,37.736813,28.084135,0,127.72,0.61674827,4.4594316,2.9097843,6.800437,202.99733,223.63812,35.484978,58.616047,30.390074,86.043884,174.20399,247,11,48
"S",13.453551,4,0,14,4,7,2,24.14171,1.7244078,3,7,1,3.1946843,-2.444335,-0.59380513,0.63056672,2.4922025,-2.7603211,-0.63292497,0.50613242,2.2373273,-2.2154963,-0.4531959,0.7263363,2.7045262,7.950449,2,0.33333334,0,13,6,2,0.33333334,12,5.8618073,3.6644828,1.7844571,1.8618073,3.1807392,1.7742155,0.69692343,0.74158162,0.87520456,4,-0.80640036,-0.44177109,0.15550764,1.9178715,-1.3634423,-0.49759352,0.044077564,1.7221923,-0.50811511,-0.25199714,0.21986201,2.1183131,7,3.0612245,2.6666667,6.0467501,2.569653,2.1675832,2.2197213,4,4,-4.09273,0.92479998,2.2940032,0,2,2.8900001,-2.8900001,1.3038566,-1.3038566,0.21382697,0.30138403,0,27.747452,20.383986,0,0,0,22.186199,0.40364704,0.29983816,0.29983816,0.59635299,0.70016187,0.29651484,48.131439,35.75312,35.75312,71.109962,83.488281,35.356846,0.5,1,2.8900001,-2.8900001,0.22802769,0.34256056,0.10731304,0.29983816,0.29983816,0.89268696,0.70016187,0.59284884,12.796158,35.75312,35.75312,106.44524,83.488281,70.692123,2,0.22802769,0.34256056,-1.6094,58.282413,7.7454643,27.844185,46.311485,0,0,0,0,0,2.2697001,25.385227,3.9819686,32.897186,0,28.671722,0,83.550003,0.80309099,3.5849626,1.8841729,5.2511854,119.2414,120.07821,0,28.758026,14.708499,58.443253,105.09299,46,6,26
"T",16.547136,4,0,17,4,8,3,28.202656,1.6589798,4,9,1,3.499558,-2.5352945,-0.49480486,0.54454631,2.5732689,-2.7915556,-0.528781,0.4410162,2.428257,-2.3096511,-0.35605565,0.63102913,2.7870109,10.136863,2,0.2857143,0,16,7,2,0.2857143,15,6.7320509,4.5347261,2.6547005,2.7320509,3.5534179,2.218622,1.1993587,1.2440169,0.82431769,4,-0.80562794,-0.40563267,0.10747979,2.0793896,-1.363596,-0.4432615,0.044069957,1.9505568,-0.52039969,-0.22956882,0.17651406,2.2800429,8,3.1111112,2.8125,7.054143,2.6874444,2.3859844,2.3697021,4,4,-3.6307299,0.59759003,2.7386298,0,2,2.8900001,-2.8900001,1.3376452,-1.3376452,0.2086328,0.29156369,12.796158,13.4357,20.383986,0,18.747677,0,22.186199,0.47894669,0.39935082,0.26197851,0.52105331,0.60064918,0.25907481,65.363525,54.500797,35.75312,71.109962,81.972687,35.356846,0.5,1,2.8900001,-2.8900001,0.22802769,0.34256056,0.29364389,0.26197851,0.26197851,0.70635611,0.73802149,0.4443776,40.074608,35.75312,35.75312,96.39888,100.72037,60.64576,2,0.22802769,0.34256056,-1.2209001,58.282413,7.7454643,34.312836,25.385227,0,0,0,0,33.326015,2.7291999,25.385227,10.450618,32.897186,0,7.7454643,33.326015,83.550003,0.75787848,3.8073549,1.9437546,5.6679201,136.4735,144.50739,0,44.566521,14.708499,58.443253,119.12,65,8,32
"V",18.838722,3,0,19,3,8,4,29.047234,1.5288018,5,11,1,3.499558,-2.6170063,-0.42574582,0.38654605,2.6097949,-2.7662134,-0.38189414,0.35486647,2.6091409,-2.3779244,-0.25845349,0.500714,2.8452103,12.323277,2,0.2857143,0,18,7,2,0.2857143,17,6.7320509,5.0875125,3.6547005,3.7320509,3.5534179,2.5377734,1.776709,1.8213673,0.7302838,4,-0.81150317,-0.3361769,0.028214213,2.1852553,-1.3636407,-0.30768204,0.054200001,2.1652937,-0.52751148,-0.19826345,0.11566492,2.3963785,8,3.1111112,2.8125,7.054143,2.6874444,2.3859844,2.3697021,3,3,-2.0857301,-0.00849,3.0659394,0,2,2.21,-2.21,1.0564072,-1.0564072,0.26201424,0.3124651,29.857702,7.4113464,17.238026,0,0,37.495354,14.418659,0.63440901,0.45152825,0.19297647,0.36559096,0.54847175,0.1726145,92.002426,65.480934,27.98558,53.018253,79.539749,25.032671,0.5,1,2.21,-2.21,0.29819006,0.4479638,0.49384984,0.19297647,0.19297647,0.50615013,0.80702353,0.31317365,71.618446,27.98558,27.98558,73.402237,117.0351,45.416656,2,0.29819006,0.4479638,0.054299999,32.897186,7.7454643,27.844185,25.385227,4.4107962,0,0,0,66.652031,3.04492,29.796022,3.9819686,32.897186,0,7.7454643,66.652031,63.32,0.75787848,3.8073549,1.9437546,5.6679201,145.02068,160.41435,0,67.724991,14.708499,44.876331,117.14799,65,8,32
"W",31.165516,3,9,27,4,15,10,43.308666,1.6040246,11,12,2,1.8900248,-2.4667499,-0.60193437,0.66452003,2.5096464,-2.7308226,-0.5129841,0.73812342,2.4489257,-2.2209687,-0.46400055,0.80911434,2.75805,14.076484,3,0.1875,10,28,16,3,0.1875,17,10.836499,8.1040201,6.1712084,7.1293921,7.1815405,4.7162418,3.4165022,4.5412416,0.75118005,8,-0.86277878,-0.40816158,0.10186657,2.3860931,-1.3634713,-0.36080334,0.1668465,2.4653604,-0.49874529,-0.22825237,0.20926911,2.6797757,11.484375,4.8884296,2.5714285,8.2204742,3.4068823,1.7530622,1.8670791,4,4,-1.1567301,-1.39701,5.7346578,10,3,3.444,-3.4449999,1.5054797,-1.5054797,0.18390311,0.23936985,34.18478,28.738277,17.238026,8.6190128,23.164757,36.764713,14.555551,0.73667938,0.43619284,0.13931346,0.26332062,0.56380713,0.12400717,148.70956,88.051941,28.122471,53.155144,113.81277,25.032671,0.5,1,3.444,-3.4449999,0.19134727,0.28737301,0.51072592,0.50855452,0.22159147,0.48927408,0.49144551,0.26768261,103.09754,102.6592,44.731495,98.767166,99.205505,54.035671,4,0.19134727,0.28737301,1.12227,32.897186,7.7454643,44.629715,25.385227,3.185575,18.868406,92.504196,0,0,5.7613902,42.170757,7.1675434,37.614288,106.6555,7.7454643,0,79.110001,0.59002918,5,2.801687,7.5043349,201.8647,271.87756,5.6825762,117.15816,14.708499,50.558907,204.22899,369,20,76
"Y",26.680723,4,6,24,4,13,8,38.701141,1.6125475,9,11,1,2.2403944,-2.4804223,-0.67507982,0.73735213,2.504669,-2.7320037,-0.60534281,0.79800713,2.4388275,-2.2288933,-0.53415185,0.87637556,2.7487428,12.323277,3,0.23076923,6,24,13,3,0.23076923,17,9.8449354,6.9738841,5.0938582,5.8449349,6.0922241,3.8565152,2.8718441,3.7828231,0.77085465,8,-0.81080383,-0.42354771,0.12500541,2.2592084,-1.3634683,-0.38733348,0.16517168,2.3149345,-0.49905485,-0.23677507,0.22828107,2.5214736,11.076923,5.0242214,3.7037036,8.4107523,3.7183318,2.6816823,2.4056897,4,4,-1.83073,-0.74515998,4.8144789,6,3,3.4860001,-3.4860001,1.4963291,-1.4963291,0.18502715,0.24047676,8.5307722,32.931412,17.238026,0,35.419662,24.509808,22.186199,0.62522346,0.50428361,0.18843253,0.37477654,0.49571639,0.186344,118.62968,95.682587,35.75312,71.109962,94.057053,35.356846,0.5,1,3.4860001,-3.4860001,0.18904188,0.28399312,0.51779211,0.45842436,0.18843253,0.48220789,0.54157561,0.29377535,98.245689,86.981277,35.75312,91.49395,102.75837,55.740829,4,0.18904188,0.28399312,0.34656999,58.282413,7.7454643,27.844185,25.385227,3.185575,18.868406,70.572739,0,5.2434282,4.7421999,25.385227,12.410972,32.897186,89.441139,7.7454643,0,83.550003,0.6193822,4.7004399,2.7945561,7.0638723,189.73964,235.05208,0,96.409081,14.708499,58.443253,181.19099,268,15,60
